Basic Thaat,,,Basic Thaat.html
exotic scale,,,exotic scale.html
Ek Pyar Ka Nagma Hai,Shor,,ekPyarKaNagmaHai.txt
Hothon se chulo tum,Prem Geet,Yaman,hothon_se_chulo_tum.txt
OMG Krishna Flute,OMG,,OMG Krishna Flute.txt
Krishna Flute ramand sagar,mahabharat,kamod,mahabharat krishna flute.txt
Swarangini,Sangeet Prawah World,,swarangini.txt
Titanic theme song,Titanic,Bhupali and Hansdhwani,Titanic theme song.txt
Moh Moh Ke Dhaage,Dum laga ke haisha,,Moh Moh Ke Dhaage.txt
kaun disa mein leke,nadiya ke par,,kaun-disa-mein-leke.txt
Vande Mataram,,Des,vande mataram.txt
Vaishnav jan to,bhajan,Khamaj,vaishnav jan to.txt
jan gan man,geet,bilawal,jan gan man.txt
dil ke armaan ansuon me bah gaye,nikah, asawari, dil ke armaan ansuon me bah gaye.txt
Hum honge kaamyaab,Jaane Bhi Do Yaar,,Hum honge kaamyaab.html
Hey  Ram Hey  Ram,bhajan,Durga,Hey  Ram Hey  Ram.txt
mile sur mera tumhara,geet,bhairavi,mile sur mera tumhara.txt
aisi lagi lagan,bhajan,Misra Pilu,aisi lagi lagan.html
arti kunj bihari ki,bhajan,,arti kunj bihari ki.txt
yashomati maiya se bole,,,yashomati maiya se bole.txt
Dil Lootne Wale Jadugar,madari,,Dil Lootne Wale Jadugar.txt
Dil Ke Jharoke Mein Tujhko,,,Dil Ke Jharoke Mein Tujhko.txt
Neele Neele Ambar Par,,,Neele Neele Ambar Par.txt
om jai jagdeesh hare,bhajan,,om jai jagdeesh hare.txt
Kabhi raam banke Kabhi shaam banke,bhajan,,Kabhi raam banke Kabhi shaam banke.txt
happy birthday to you,,,happy birthday to you.txt
Aye Malik tere bande hum,bhajan,,Aye Malik tere bande hum.html
payoji maine ram ratan dhan,bhajan,,payoji maine ram ratan dhan.txt
tu pyar ka sagar hai,bhajan,,tu pyar ka sagar hai.txt
chhoti chhoti gaiya,bhajan,,chhoti chhoti gaiya.txt
shri ram chandra kripal bhaj man,bhajan,,shri ram chandra kripal bhaj man.html
jaise suraj ki garmi se,bhajan,,jaise suraj ki garmi se.html
gayatri mantra om bhur,bhajan,,gayatri mantra om bhur.txt
achchhutam keshavam krishna,bhajan,,achchhutam keshavam krishna.txt
tan dole mera man dole,nagin,,tan dole mera man dole.html
Bichhde abhi to ham,hero,,Bichhde abhi to ham.txt
Jab Deep Jale Aana,Chit Chor,Yaman,Jab deep jale aana.html
Aaoge jab tum o,jab we met,,Aaoge jab tum o.html
pal pal dil key pas,Blackmail,,pal pal dil key pas.txt
Kaise bataayein kyun; Tu Jaane Na,Ajab Prem Ki Gazab Kahani,,Tu Jaane Na.html
Koi Jo Mila To Mujhe,Breathless,yaman,Koi Jo Mila To Mujhe.txt
sanso ki mala pe,,darbari,sanso ki mala pe.txt
afreen afreen,nusarat fateh ali,,afreen afreen.txt
pankh hote to ur aatee re,sehra,bhopali,pankh hote to ur aatee re.txt
Pardesi Pardesi Jana Nahi,Raja Hindustani,,Pardesi Pardesi Jana Nahi.html
Papa kehte hain bada naam karegaa,Kayamat se Kayamat tak,Shankarabharana,Papa kehte hain bada naam karegaa.txt
toota toota ek parida aise toota,kailash kher,khamaj,toota toota ek parida aise toota.txt
chupke-chupke-raat-din,gazal,kafi,chupke-chupke-raat-din.txt
hangama hai kyon barapa,gazal,darbari,hangama hai kyon barapa.html
kanha soja jara,bahubali,kafi,kanha soja jara.html
Jiya Lage Kya Karu Sajna,,Abhogi / Abhogi Kanada,not available.txt
Na jaiyo re sautan ghar saiya,,Abhogi / Abhogi Kanada,not available.txt
Jhanak Jhanak Payal Baje,Jhanak Jhanak Payal Baje,Adana,not available.txt
Radhike Tune Bansari Choorayi,Beti Bete,Adana,not available.txt
Manmohan Man Mein Ho Tumhi,Kaise Kahoon,Adana,not available.txt
Deewane Tum Deewane Hum,,Bageshree,not available.txt
Poochta Ja Mere Marghat Se Guzarne Wale,Ghazal,Bageshree,not available.txt
Jao Jao Nand Ke Lala,Rangoli,Bageshree,not available.txt
Jag Dard-E-Ishq Jag,Anarkali,Bageshree,not available.txt
Ghadi Ghadi Mera Dil Dhadke,Madhumati,Bageshree,not available.txt
Bedardi Hua Balma,,Bageshree,not available.txt
Shubh Ghadi Aayi Re,,Bageshree,not available.txt
Chaman Mein Rang-E-Bahar Utara To Maine Dekha,Ghazal,Bageshree,not available.txt
Chhalak Rahi Boondein,,Bageshree,not available.txt
Radha Na Bole Na Bole,Azad,Bageshree,not available.txt
Humse Aya Na Gaya,Dekh Kabira Roya,Bageshree,not available.txt
Ja Re Beiman Tujhe Jan Liya,,Bageshree,not available.txt
Chah Barbaad Karegi,Shah Jahan,Bageshree,not available.txt
Aaja Re Pardesi,Madhumati,Bageshree,not available.txt
Bedardi DagabaazJa Tu Nahin Balma Mora,Bluff Master,Bageshree,not available.txt
Cham Cham Nachat Aayi Bahar,Chaya,Bahar,not available.txt
Sakal Bana Gagan Chalat Puravai,Mamta,Bahar,not available.txt
Re Re Bahar Aayi,,Bahar,not available.txt
Khai Hai Re Humne Kasam,Talaash,Barwa,not available.txt
Ketki Gulab Juhi Champak Ban Phule,Basant Bahar,Basant / Vasant / Wasant,not available.txt
Mann Ki Bin Matwari Baje,Shabaab,Basant / Vasant / Wasant,not available.txt
Dhai Sham Rok Lai (Kahe Chhed Chhed Mohe),Devdaas,Basant / Vasant / Wasant,not available.txt
O Basanti Pavan Pagal,Jis Desh Me Ganga Behti Hai,Basant Mukhari / Komal Bhairav,not available.txt
Vaada Kar Le Saajana,Haath Ki Safai,Basant Mukhari / Komal Bhairav,not available.txt
Jaago Mohan Pyaare,Jaagte Raho,Bhairav,not available.txt
Mohe Bhul Gaye Sanvariya,Baiju Bawra,Bhairav,not available.txt
Sun Ri Pavan Pavan Purvaiya,Anuraag,Bhairav,not available.txt
Poocho Na Kaise Maine Rain Bitai,Meri Soorat Teri Aankhen,Bhairav Ahir,not available.txt
Waqt Karta Jo Wafa Aap Hamare Hote,Dilne Pukara,Bhairav Ahir,not available.txt
Main To Kab Se Teri Sharan Mein Hun,Ram Nagri,Bhairav Ahir,not available.txt
Meri Galiyon Se Logon Ki Yaari Badh Gayi,Dharmatma,Bhairav Ahir,not available.txt
Apni Jeevan Ki Uljhan Ko,Uljhan,Bhairav Ahir,not available.txt
Vandana Karo Archana Karo,,Bhairav Ahir,not available.txt
Ram Teri Ganga Maili Ho Gayi,Ram Teri Ganga Maili,Bhairav Ahir,not available.txt
Zindagi Ko Sanvarna Hoga,Alaap,Bhairav Ahir,not available.txt
Chalo Man Jaye Ghar Apne,Swami Vivekanand,Bhairav Ahir,not available.txt
Man Anand Anand Chhayo,Vijeta,Bhairav Ahir,not available.txt
Mere Bina Tum Bin Roye,Dekh Kabira Roya,Bhairav Ahir,not available.txt
Dhire Dhire Subah Hui Hai Jag Uthi Jindagi,,Bhairav Ahir,not available.txt
Solah Baras Ki Bali Umar Ko Salaam,Ek Duje Ke Liye,Bhairav Ahir,not available.txt
Albela Sajan Aayo Re,Hum Dil De Chuke Sanam,Bhairav Ahir,not available.txt
Main Ek Raja Hun,Upahaar,Bhairav Bairagi,not available.txt
Kisi Nazar Ko Tera Intazaar Aaj Bhi Hai,Aetbaar,Bhairav Bairagi,not available.txt
Mithe Bol Bole,Kinara,Bhairavi,not available.txt
Hatho Kahe Ko Joothi Banao Batiyaan,Manzil,Bhairavi,not available.txt
Insaf Ka Mandir Hai,Naya Daur,Bhairavi,not available.txt
Do Hanso Ka Joda Bichad,Ganga Jamuna,Bhairavi,not available.txt
Mera Aai Dil Bata,Jhanak Jhanak Payal Baje,Bhairavi,not available.txt
Mile Jo Kadi Kadi,Kasme Waade,Bhairavi,not available.txt
Phir Kisi Rah Guzar Par Shayad,Ghazal,Bhairavi,not available.txt
Jiya Jale Jaan Jale,Dil Se,Bhairavi,not available.txt
Jyot Se Jyot Jagate Chalo,Sant Dyaneshwar,Bhairavi,not available.txt
Bol Radha Bol Sangam Hoga Ke Nahin,Sangam,Bhairavi,not available.txt
Mile Sur Mera Tumhara,,Bhairavi,not available.txt
Insaf Ka Mandir Hai Yeh Bhagwan Ka Ghar Hai,Amar,Bhairavi,not available.txt
Beshaq Mandir Masjid Todo,Bobby,Bhairavi,not available.txt
Jab Dil Hi Toot Gaya,Shah Jahan,Bhairavi,not available.txt
Suno Chotisi Gudiya Ki,Seema,Bhairavi,not available.txt
Ja Re Ja Re Ud Ja Re Panchi,Maaya,Bhairavi,not available.txt
Kabhi Neki Bhi Uske Ji Mein,Ghazal,Bhairavi,not available.txt
Mitwa Re Mitwa Purab Na Jaiyo,Jawab,Bhairavi,not available.txt
Mata Saraswati Sharda,,Bhairavi,not available.txt
Kaise Jaun Jamuna Ke Tir,Devta,Bhairavi,not available.txt
Barsaat Mein Humse Mile Tum,Barsaat,Bhairavi,not available.txt
Sanvare Sanvare,Anuradha,Bhairavi,not available.txt
Hume Tumse Pyar Kitna,Kudrat,Bhairavi,not available.txt
Meri Tanhaiyon Tum Hi Lagalo Mujhko,Ghazal,Bhairavi,not available.txt
Baki Kuch Bacha To,Roti Kapda Aur Makan,Bhairavi,not available.txt
Jo Bhaje Hari Ko Sada,,Bhairavi,not available.txt
Mera Joota Hai Japani,Shri 420,Bhairavi,not available.txt
Kaise Samjhaoon Bade,Sooraj,Bhairavi,not available.txt
Jay Bolo Beimaan Ki,Beimaan,Bhairavi,not available.txt
Bhari Duniya Mein,Do Badan,Bhairavi,not available.txt
Babul Mora Naihar Chooto,Street Singer,Bhairavi,not available.txt
Aai Diwali Aai Diwali,Ratan,Bhairavi,not available.txt
Khamosh Hai,Amar,Bhairavi,not available.txt
Mukund Madhav Hari Bol,,Bhairavi,not available.txt
Heer (Doli Chadhake Heer),Heer Ranjha,Bhairavi,not available.txt
Sunai Deti Hai Jiski Dhadkan,Ghulami,Bhairavi,not available.txt
Laaga Chunari Mein Daag,Dil Hi To Hai,Bhairavi,not available.txt
Dost Dost Na Raha,Sangam,Bhairavi,not available.txt
Ae Mere DIl Kahin Aur Chal,Daag,Bhairavi,not available.txt
Sajna Sajna Kahe Bhool Gaye,Chand Mere Aaja,Bhairavi,not available.txt
Yeh Dil Yeh Pagal Dil Mera,Ghazal,Bhairavi,not available.txt
Phool Gendava Na Maaro,Dooj Ka Chand,Bhairavi,not available.txt
Tu Ganga Ki Mauj,Baiju Bawra,Bhairavi,not available.txt
Ramaiya Vasta Vaiya,Shri 420,Bhairavi,not available.txt
Bhor Bhaye Panghat Pe,Satyam Shivam Sundaram,Bhairavi,not available.txt
Sakiya Aaj Mujhe Neend Nahi,,Bhairavi Sindh,not available.txt
Ajahun Na Aye Balma,Sanjh Aur Savera,Bhairavi Sindh,not available.txt
Chhod Gaye Balam,Barsaat,Bhairavi Sindh,not available.txt
Mehendi Laagi Mere Haath Mein,,Bhairavi Sindh,not available.txt
Ek Ritu Aaye Ek Ritu Jaaye,,Bhatiyar,not available.txt
Bansuri Bajaye Koi,,Bhimpalasi,not available.txt
Tum Suno Suno Ghanashyam,,Bhimpalasi,not available.txt
Main Garibon Ka Dil Hun Watan Ki Jaban,,Bhimpalasi,not available.txt
Tere Sadpe Balma,,Bhimpalasi,not available.txt
Duniya Se Ji Ghabra Gaya,,Bhimpalasi,not available.txt
Dil Ke Tukde Hue Aur Jigar Loot Gaya,,Bhimpalasi,not available.txt
Maine Chaand Aur Sitaron Ki,Chandrakanta,Bhimpalasi,not available.txt
Dilme Tujhe Bithake Pooja Karoongi Teri,Fakira,Bhimpalasi,not available.txt
O Nirdayi Preetam,Stree,Bhimpalasi,not available.txt
Bina Madhur Madhur Kacchu Bolu,,Bhimpalasi,not available.txt
Eri Main To Prem Diwani,Navbahar,Bhimpalasi,not available.txt
More Manka Bavra Panchi,,Bhimpalasi,not available.txt
Yeh Na Thi Hamari Kismat,Mirza Ghalib,Bhimpalasi,not available.txt
Naino Me Badra Chaye,Mera Saya,Bhimpalasi,not available.txt
Manbhora Hua Matwala,,Bhimpalasi,not available.txt
Bhulaya Na Gaya,,Bhimpalasi,not available.txt
Uda Jaa Re Kaaga,Chala Vaahi Des,Bhinna Shadja,not available.txt
Yeh Hava Yeh Fiza Aa Bhi Jaa,Gumraah,Bhoop / Bhup / Bhupali,not available.txt
Jyoti Kalash Chalake,Bhabhi Ki Chudiyan,Bhoop / Bhup / Bhupali,not available.txt
He Govind He Gopal He Dayalal,Ghazal,Bhoop / Bhup / Bhupali,not available.txt
Panchi Banu Udti Firun Masta,Chori Chori,Bhoop / Bhup / Bhupali,not available.txt
Mana Ki Musht-e-Khak Se Badhkar Nahin Hun Main,Ghazal,Bhoop / Bhup / Bhupali,not available.txt
Sayonara Sayonara,Love in Tokyo,Bhoop / Bhup / Bhupali,not available.txt
Dil Hoom Hoom Kare,Rudali,Bhoop / Bhup / Bhupali,not available.txt
Jab Neel Gagan Ki Chao Mein,Amrapali,Bhoop / Bhup / Bhupali,not available.txt
Jyoti Kalas Jalke,Bhabhi Ki Chudiyaan,Bhoop / Bhup / Bhupali,not available.txt
Hum Tum Se Na Kuch Keh Paye,Ziddi,Bhoop / Bhup / Bhupali,not available.txt
Savare Rang Rachi,Meera Bhajan,Bhoop / Bhup / Bhupali,not available.txt
Jaun Tore Charan Kamal Par Vari,Sur Sangam,Bhoop / Bhup / Bhupali,not available.txt
Sansar Ki Har Shai Ka,Dhund,Bhoop / Bhup / Bhupali,not available.txt
Ghalin Lotangan Vandin Charana,,Bhoop / Bhup / Bhupali,not available.txt
Chanda Hai Tu Mera Sooraj Hai Tu,Aradhana,Bhoop / Bhup / Bhupali,not available.txt
In Akhon Ki Masti Ke,Umrao Jaan,Bhoop / Bhup / Bhupali,not available.txt
Neelam Ke Nabh Chayi,Utsav,Bibhas (Bhairav Ang),not available.txt
Sanj Dhale Gagan Tale,Utsav,Bibhas (Bhairav Ang),not available.txt
Tere Sur Aur Mere Geet,Goonj Uthi Shehnai,Bihag,not available.txt
Pal Bhar Ki Pehchaan Aapse,Non-Filmi Song,Bihag,not available.txt
Tum Murli Madhur Bajao,,Bihag,not available.txt
Kai Gata Main So Jata,Alaap,Bihag,not available.txt
Chalenge Teer Jab Dil Paar,Kohinoor,Bihag,not available.txt
Tere Pyar Mein Dildaar,Mere Mehboob,Bihag,not available.txt
Yeh Kya Jaga Hai Doston,Umrao Jaan,Bihag,not available.txt
Ae Dil Bekaraar Jhoom,Shah Jahan,Bihag,not available.txt
Banke Chakori Gori Jhum Jhum Nachegi,,Bihag,not available.txt
Zindagi Ke Safar Mein,Aap Ki Kasam,Bihag,not available.txt
Bole Re Surili Boliyan,Griha Pravesh,Bihag,not available.txt
Hamare Dil Se Na Jana,Udan Khatola,Bihag,not available.txt
Jamunaa Kinare Aaja Chaliya,Mehbooba,Bihag/ Maru / Maaru Bihag,not available.txt
Matavali Nar Thumak Thumak,,Bihag/ Maru / Maaru Bihag,not available.txt
Piya Tora Kaisa Abhimaan,Raincoat,Bihag/ Maru / Maaru Bihag,not available.txt
Payelavali Dekha Na,,Bihag/ Maru / Maaru Bihag,not available.txt
Radha Jaye Na,,Bihag/ Maru / Maaru Bihag,not available.txt
Tum To Pyar Ho Sajna,Sehra,Bihag/ Maru / Maaru Bihag,not available.txt
Jana Gana Mana,National Anthem,Bilawal Alhaiya,not available.txt
Bhor Aayi Gaya Andhiyara,Bawarchi,Bilawal Alhaiya,not available.txt
Sare Ke Sare Gama Ko Lekar Gaate Chale,Parichay,Bilawal Alhaiya,not available.txt
Majhi Re Himmat Na Haar,,Chandrakauns,not available.txt
Tu Hi Tu Main Seva Karun,,Chandrakauns,not available.txt
San Sanna Sanna Sanna Jao Re Pavan,,Chandrakauns,not available.txt
Dukh Ki Lahar Ne Chheda Hoga,Ghazal,Charukeshi,not available.txt
Kabhi Raat Din Hum Door The,Aamne Saamne,Charukeshi,not available.txt
Baiyya Na Dharo,Dastak,Charukeshi,not available.txt
Megha Re Megha Re,Pyaasa Saawan,Charukeshi,not available.txt
Akele Hi Chale Aao,Raaz,Charukeshi,not available.txt
Mohabbat Ke Suhane Din Jawani Ki Hansi Raaten,,Charukeshi,not available.txt
Bekhudi Mein Sanam,,Charukeshi,not available.txt
Jaan-e-jaana...Jab Jab Teri Surat Dekhun,Jaanbaaz,Charukeshi,not available.txt
Dukh Ki Lahar Ne Chheda Hoga,Ghazal,Charukeshi,not available.txt
Shyam Teri Bansi Pukare Radha Naam,Geet Gata Chal,Charukeshi,not available.txt
Mohabbat Ke Suhane Din,,Charukeshi,not available.txt
Aaj Dil Pe Koi Jor Chalta Nahin,Milan,Charukeshi,not available.txt
Aisa Lagta Hai Zindagi Tum Ho,Ghazal,Charukeshi,not available.txt
Bekhudi Me Sanam,,Charukeshi,not available.txt
Ek Tu Na Mila,Himalay Ki God Mein,Charukeshi,not available.txt
Kisi Raha Mein Kisi Mod Par,Mere Humsafar,Charukeshi,not available.txt
Aaj Dil Pe Koi Jor Chalta Hai,Milan,Charukeshi,not available.txt
Chhod De Sari Duniya Kisi Ke Liye,Saraswati Chandra,Charukeshi,not available.txt
Ek Tu Na Mila,Himalay Ki God Me,Charukeshi,not available.txt
Kabhi Raat Din Hum Door The,Aamne Saamne,Charukeshi,not available.txt
Teri Ummid Tera Intzaar Karti Hai,Deewana,Charukeshi,not available.txt
Kisi Raah Mein Kisi Mod Par,Mere Humsafar,Charukeshi,not available.txt
Akele Hain Chale Aao,Raaz,Charukeshi,not available.txt
Tere Naina Talaash Kare Jise,Talaash,Chaya Nata / Chhayanat,not available.txt
Zhan Zhan Zhan Zhan Payal Baje,,Chaya Nata / Chhayanat,not available.txt
Chanda Re Ja Re Ja Re,Ziddi,Chaya Nata / Chhayanat,not available.txt
Baad Muddat Ki Ye Ghadi,Jahan Ara,Chaya Nata / Chhayanat,not available.txt
Hum Bekhudi Mein Tum Ko,Kala Paani,Chaya Nata / Chhayanat,not available.txt
Chaina Nahi Aaye Kahan Dil Jaye,Samundar,Chaya Nata / Chhayanat,not available.txt
Chali Re Chali Re Main To Des Paraye,,Desh / Des,not available.txt
Sainya Jao Mose Na Bolo Kahe Ko Neha Lagaye,Jhanak Jhanak Payal Baje,Desh / Des,not available.txt
Dukhke Din Ab Bitat Nahi,,Desh / Des,not available.txt
Phir Kahin Koi Phool Khila,Anubhav,Desh / Des,not available.txt
Takdir Ka Fasaana,Sehra,Desh / Des,not available.txt
Door Koi Gaaye,Baiju Bawra,Desh / Des,not available.txt
Aji Roothkar Ab Kahan Jaiega,Aarzu,Desh / Des,not available.txt
Gori Tore Naina Kajar Bin Kare Kare,Main Suhagan Hun,Desh / Des,not available.txt
Bekasi Hadse Jab Guzar Jaye,Kalpana,Desh / Des,not available.txt
Eri Ayi Barakha Ritu,,Desh / Des,not available.txt
Pyar Hua Chupke Se,1942 A Love Story,Desh / Des,not available.txt
Vande Matharam,Anand Math,Desh / Des,not available.txt
Apko Pyar Chupaneki Buri Aadat Hai,Neela Akash,Desh / Des,not available.txt
Chadariya Jhini Re Jhini,Bhajan,Desh / Des,not available.txt
Aaj Gawat Man Mero,Baiju Bawra,Desi,not available.txt
Jab Dil Ko Satae Gham,,Dev Gandhar,not available.txt
Jhule Na Jhool,,Dev Gandhar,not available.txt
Prabhu Tero Naam Jo Gaye Phal,Hum Dono,Dhani,not available.txt
Geet Gaya Pattharon Ne,Geet Gaya Pattharon Ne,Durga,not available.txt
Chanda Re Mori Oatiya Le Ja,Miss Mary,Durga,not available.txt
Unke Khayal Aye To Ate Chale Gaye,Laal Patthar,Gara,not available.txt
Kabhi Khud Pe Kabhi Haalaath Pe Ronaa Aayaa,Hum Dono,Gara,not available.txt
Raghupati Raghav Raja Ram,Bhajan,Gara,raghupati raghav rajaram.html
Hamsafar Saath Apna Chod Chale,,Gara,not available.txt
Tere Mere Sapne Ab Ek Rang Hain,Guide,Gara,not available.txt
Thumak Chalat Ram Chandra,Bhajan,Gara,not available.txt
Mohe Panghatpe Nandalal Ched Gayo Re,Mughal-E-Azam,Gara,not available.txt
Deewana Kehke Aaj Mujhe Phir Pukariye,Muzlim,Gara,not available.txt
Jeevan Mein Piya Tera Saath Rahe,Goonj Uthi Shehnai,Gara,not available.txt
Aise To Na Dekho,Teen Deviyan,Gara,not available.txt
Sur Ki Gati Main Kya Janu,,Hameer,not available.txt
Madhuban Mein Radhika Naache Re,Kohinoor,Hameer,not available.txt
Ja Tose Nahin Bolu Kanhaiya,Parivaar,Haunsdhwani / Hansadhvani / Hamsadhvani,not available.txt
Lai Ja Re Badra,Dil Pe Mat Le Yaar,Haunsdhwani / Hansadhvani / Hamsadhvani,not available.txt
Ranga De De Madhuban Ki Hiraniya,,Haunsdhwani / Hansadhvani / Hamsadhvani,not available.txt
Santo Karam Ki Gati Nyari,Chala Vahi Desh (Non Filmi Album),Haunsdhwani / Hansadhvani / Hamsadhvani,not available.txt
Yaad Piya Ki Aye,A Thumri,Hemant,not available.txt
Ud Ja Re Ja Re Kaga,Meera bhajan,Hemant,not available.txt
Balma Anadi Man Bhaye,Bahurani,Hemant,not available.txt
Sudh Bisar Gai Aja,,Hemant,not available.txt
Tum Bin Jeevan Kaise,,Hemant,not available.txt
Dost Bankar Bhi Nahin Saath Nibhanewala,Ghazal,Jaijaiwanti (Bageshree Ang),not available.txt
Zindagi Aaj Mere Naamse Sharmati Hai,,Jaijaiwanti (Bageshree Ang),not available.txt
Suni Suni Saans Kay Sitaar Par,Laal Patthar,Jaijaiwanti (Bageshree Ang),not available.txt
Manmohana Bade Jhoothe,Seema,Jaijaiwanti (Bageshree Ang),not available.txt
Yeh Dil Ki Lagi Kam Kya Hogi,Mughal-E-Azam,Jaijaiwanti (Bageshree Ang),not available.txt
Thumak Chalat Ramchandra Baajat Paijaniya,Bhajan,Jaijaiwanti (Bageshree Ang),not available.txt
Bairan Ho Gai Raina,Dekh Kabira Roya,Jaijaiwanti (Bageshree Ang),not available.txt
Haye Re Woh Din Kyo Na Aaye,,Janasammohini,not available.txt
Mujhe Gale Se Laga Lo Bahut Udas Hun Main,Aaj Aur Kal,Jaunpuri,not available.txt
Piya Te Kahan Gayo,,Jaunpuri,not available.txt
Jab Dil Ko Sataye Gham,Sargam,Jaunpuri,not available.txt
Woh Duniya Ko Yaad Rahega,,Jaunpuri,not available.txt
Piya Te Kaha,Toofan Aur Diya,Jaunpuri,not available.txt
Ghunghatke Pat Khol,Jogan,Jaunpuri,not available.txt
Meri Yaad Me Tum Na Aansoo Bahana,Madhosh,Jaunpuri,not available.txt
Dil Chhed Koi Aisa Nagma,,Jaunpuri,not available.txt
Chale Jaana Nahin Naina Milake,Badi Behen,Jaunpuri,not available.txt
Jaye To Jayen Kahan,Taxi Driver,Jaunpuri,not available.txt
Meri Yaad Mein Tum Na Aansu Bahana,Madhosh,Jaunpuri,not available.txt
Teri Ankho Ke Siva Duniya Mein,Chirag,Jhinjhoti,not available.txt
Badli Badli Duniya Hai Meri,,Jhinjhoti,not available.txt
Chita Nandan Aage Nachoongi,,Jhinjhoti,not available.txt
Jaun Kahan Bata E Dil,Chhoti Behen,Jhinjhoti,not available.txt
Koi Humdum Na Raha,Jhumroo,Jhinjhoti,not available.txt
Main To Sare Bandhan Tod Chali,,Jhinjhoti,not available.txt
Chhup Gaya Koi Re Door Se Pukar Ke,Champakali,Jhinjhoti,not available.txt
Mose Chal Kiye Jaye Hai Re Hai Hai Dekho Saiyan Beiman,Guide,Jhinjhoti,not available.txt
Tum Mujhe Yun Bhula Na Paoge,Pagla Kahin Ka,Jhinjhoti,not available.txt
Ghungharoo Ki Taraha Bajtahi Raha Hun Main,Chor Machaye Shor,Jhinjhoti,not available.txt
Mere Mehboob Tujhe Meri Mohabbat Ki Kasam,Mere Mehboob,Jhinjhoti,not available.txt
Ja Ja Re Ja Balmava,Basant Bahar,Jhinjhoti,not available.txt
He Natraj Gangadhar Shambho,,Jogiya,not available.txt
Dil Ek Mandir Hai,Dil Ek Mandir,Jogiya,not available.txt
Piya Bina Suna Geeta,,Jogiya,not available.txt
Keh Do Koi Na Kare Yahan Pyaar,Goonj Uthi Shehnai,Jogiya,not available.txt
Raat Bharka Hai Mehmaan Andhera,,Jogiya,not available.txt
Baje Re Payalia Baje,,Jogkauns,not available.txt
Tum Nahin Gham Nahin Sharab Nahin,Ghazal,Kafi,not available.txt
Ishq Ki Garmi Jajabta Kise Pesh Karun,,Kafi,not available.txt
Gairon Pe Karam Apno Pe Sitam,Aankhen,Kafi,not available.txt
Kase kahun manki bata,,Kafi,not available.txt
Kali Ghodi Dwar Khadi,Chashme Buddoor,Kafi,not available.txt
Biraj Me Holi Khelat Nand Lal,Godaan,Kafi,not available.txt
Balma Aan Baso More Man Mein,,Kafi,not available.txt
O Ghath Savari Thodi Thodi Bawari,,Kalawati,not available.txt
Hay Re Woh Din Kyun Na Aye,Anuradha,Kalawati,not available.txt
Dil Mein Aur To Kya Rakkha Hai,Ghazal,Kalawati,not available.txt
Koi Sagar Dil Ko Bahalata Nahin,Dil Diya Dard Liya,Kalawati,not available.txt
Bhajan Bina Chain Na Aye Ram,Rafoo Chakkar,Kalawati,not available.txt
Sanam Tu Bewafake Naam Se,Khilona,Kalawati,not available.txt
Kahe Tarasae Jiyara,Chitralekha,Kalawati,not available.txt
Maika Piya Bulave,Sur Sangam,Kalawati,not available.txt
Kabhi to miloge jivansathi,,Kalawati,not available.txt
Subah Aur Sham Kam Hi Kam,Uljhan,Kalawati,not available.txt
Aja Re Mere Pyar Ke,,Kalawati,not available.txt
Hai Agar Dushman Dushman,Hum Kisise Kum Nahin,Kalawati,not available.txt
Rasik Balma,Chori Chori,Kalyan Shuddha,not available.txt
Meri Mohabbat Jawan Rahegi,Jaanwar,Kalyan Shuddha,not available.txt
Ye Sham Ki Tanahaiyan,,Kalyan Shuddha,not available.txt
Jahan Daal Daal Par Sone Ki Chidiyan,Sikandar-E-Azam,Kalyan Shuddha,not available.txt
Chand Phir Nikala,Paying Guest,Kalyan Shuddha,not available.txt
Mere Humsafar Mere Humsafar,Refugee,Kalyan Shuddha,not available.txt
Moha Maya Ko Tyag Do,Bhairavi,Kalyan Shyam,not available.txt
Aapke Anurodh Pe,Anurodh,Kalyan Yaman,not available.txt
Sarangaa Teri Yaad Mein,Saaranga,Kalyan Yaman,not available.txt
Tum Bin Jeevan Kaise,Anita,Kalyan Yaman,not available.txt
Dil E Betab Ko Seenese,Palaki,Kalyan Yaman,not available.txt
Roj Roj Dali Dali Kya Likh Jaye,Angoor,Kalyan Yaman,not available.txt
Lagta Nahin Hai Dil Mera,Laal Quila,Kalyan Yaman,not available.txt
Bade Bhole Ho,,Kalyan Yaman,not available.txt
Ansoo Samjh Ke Kyun Mujhe,Chhaaya,Kalyan Yaman,not available.txt
Beeti Na Beetai Raina,Parichay,Kalyan Yaman,not available.txt
Seene Mein Sulagte Hai Armaan,Tarana,Kalyan Yaman,not available.txt
Ghar Se Nikalte Hi,Papa Kehte Hain,Kalyan Yaman,not available.txt
Dhadakte Dil Ka Payam Le Lo,,Kalyan Yaman,not available.txt
Sansarse Bhage Phirte Ho,Chitralekha,Kalyan Yaman,not available.txt
Tum Gagan Ke Chandrama,Sati Savitri,Kalyan Yaman,not available.txt
Is Mod Se Aate Hai,Aandhi,Kalyan Yaman,not available.txt
Aye Ho Meri Jindagi Mein,Raja Hindustani,Kalyan Yaman,not available.txt
Phir Na Kije Meri Gustakh...Dekhiye Apne Phir Pyar Se,Phir Subah Hogi,Kalyan Yaman,not available.txt
Intazaar Aur Bhi,,Kalyan Yaman,not available.txt
Dil Diya Dard Liya,Dil Diya Dard Liya,Kalyan Yaman,not available.txt
Lau Laga Ke Geet Gaa Ke,Bhabhi Ki Chudiya,Kalyan Yaman,not available.txt
Man Re Tu Kahe Na Dhir Dhare,Chitralekha,Kalyan Yaman,not available.txt
Nigahein Milane Ko Ji Chahta Hai,Dil Hi To Hai,Kalyan Yaman,not available.txt
Chhupa Lo Yun Dil Mein Pyar Mera,Mamta,Kalyan Yaman,not available.txt
Savere Ka Sooraj Tumhare Liye,Ek Baar Muskuraa Do,Kalyan Yaman,not available.txt
Sapta Suran Teen Gram,Tansen,Kalyan Yaman,not available.txt
Pyar Mein Hota Hai Kya Jaadu,Papa Kehte Hain,Kalyan Yaman,not available.txt
Pritam Aan Milo,,Kalyan Yaman,not available.txt
Tum Agar Mujhko,Dil Hi To Hai,Kalyan Yaman,not available.txt
Jara Si Aahat Hoti Hai?Kahin Yeh Woh To Nahin,Haqueeqat,Kalyan Yaman,not available.txt
Ehsaan Tera Hoga Mujhpar,Junglee,Kalyan Yaman,not available.txt
Tum Mujhe Bhool Bhi Jao,Didi,Kalyan Yaman,not available.txt
Abhi Na Jao Chhodkar,Hum Dono,Kalyan Yaman,not available.txt
Tere Husn Ki Kya Tarif Karun,Leader,Kalyan Yaman,not available.txt
Shri Ramchandra Kripalu Bhajamana,,Kalyan Yaman,not available.txt
Sochenge Tumhe Pyar Kare Ke Nahin,Deewana,Kalyan Yaman,not available.txt
Pav Padu Tore Dhyam,Tere Bharose Nandalal (Non Filmi Album),Kalyan Yaman,not available.txt
Zindagi Bhar Nahin Bhoolegi,Barsaat Ki Raat,Kalyan Yaman,not available.txt
Woh Jab Yaad Aye,Parasmani,Kalyan Yaman,not available.txt
Ang Ang Rang Jhalakae,Sankalp,Kalyan Yaman,not available.txt
Tumko Dekha To Ye Khayal Aya,Saath Saath,Kamod,not available.txt
Eri Jane Na Doongi,Chitralekha,Kamod,not available.txt
Jao Re Jogi Tum Jao Re,Amrapali,Kamod,not available.txt
Pag Ghoongroo Bandh Meera Naachi Thi,Namak Halal,Kanada Darbari,not available.txt
Mere Mehboob Na Jaa Aaj Ki Raat Na Jaa,Noor Mahal,Kanada Darbari,not available.txt
Tumse Ghar Ghar Kahalaya,,Kanada Darbari,not available.txt
Pyar Ki Aag Mein Tan Badan,Ziddi,Kanada Darbari,not available.txt
Sarfaroshi Ki Tamanna,Shaheed,Kanada Darbari,not available.txt
Ishwar Satya Hai,Satyam Shivam Sundaram,Kanada Darbari,not available.txt
Dil Jalta Hai To Jalne De,Pehli Nazar,Kanada Darbari,not available.txt
Dene Wale Mujhe Maujon Ki Rawani De De,Ghazal,Kanada Darbari,not available.txt
Tute Hue Khwabo Ne,Madhumati,Kanada Darbari,not available.txt
Guzre Hai Aaj Ishq Mein,Dil Diya Dard Liya,Kanada Darbari,not available.txt
Teri Duniya Mein Dil Lagta Nahin,Baware Nain,Kanada Darbari,not available.txt
Ab Meri Vinati Suno Bhagwaan,,Kanada Darbari,not available.txt
Nainheen Ko Raah Dikha Prabhu,Bhakta Soordas,Kanada Darbari,not available.txt
Meri Duniya Badal Gayi,,Kanada Darbari,not available.txt
Mujhe Gale Se Laga Lo Bahut Udas Hun Main,Aaj Aur Kal,Kanada Darbari,not available.txt
Mohabbat Ki Jhoothi Kahani Pe Roye,Mughal-E-Azam,Kanada Darbari,not available.txt
Chandi Ki Deewar Na Todi,Vishwaas,Kanada Darbari,not available.txt
Dekha Hai Pehli Baar,Saajan,Kanada Darbari,not available.txt
Ud Ja Bhanwar Maya Kamal Ka,Rani Roopmati,Kanada Darbari,not available.txt
Yaad Mein Teri Jaag Jaag Ke Hum,Mere Mehboob,Kanada Darbari,not available.txt
Shayerana Se Hai Zindagi Ki Adaa,Phir Teri Kahani Yaad Ayi,Kanada Darbari,not available.txt
Mitava Laut Ayo Re,,Kanada Darbari,not available.txt
Tora Man Darpan Kahalay,Kaajal,Kanada Darbari,not available.txt
Ae Dil Mujhe Aisi Jagah Le Chal,Arzoo,Kanada Darbari,not available.txt
Kitna Hasin Hai Mausam,Azad,Kanada Darbari,not available.txt
Hum Tumse Mohabbat Karke Sanam,Aawara,Kanada Darbari,not available.txt
Mein Tere Darpe Ayaa Hun Kuchh Karke Jaunga,Laila Majnu,Kanada Darbari,not available.txt
Basti Basti Parbat Parbat,Baadal,Kanada Darbari,not available.txt
Raha Gardishon Mein Har Daam,Do Badan,Kanada Darbari,not available.txt
Mere Mehboob Shayad Aaj Kuchh,Kitne Paas Kitne Door,Kanada Darbari,not available.txt
Aap Ki Nazaron Ne Samjha,Anpadh,Kanada Darbari,not available.txt
Suhani Chaandni Raaten Hamen Sone Nahi Deti,Mukti,Kanada Darbari,not available.txt
Kabhi Dil Dil Se Takarata To Hoga,,Kanada Darbari,not available.txt
He Ram Tumhari Ramyan,Sampurna Ramayan,Kanada Darbari,not available.txt
Ab Kahan Jayen Hum,Ujala,Kanada Darbari,not available.txt
Tumhe Zindagi Ke Ujale Mubarak,Poornima,Kanada Darbari,not available.txt
Koi Matwala Ayaa More Dware,Love In Tokyo,Kanada Darbari,not available.txt
Ye Hawaa Ye Raat Ye Chaandni,Sangdil,Kanada Darbari,not available.txt
Agar Mujhse Mohabbat Hai Mujhe Sab Apne Gham De Do,,Kanada Darbari,not available.txt
Jay Radha Madhav Jai Kunj Bihari,Bhajan,Kanada Darbari,not available.txt
Tu Pyar Ka Sagar Hai,Seema,Kanada Darbari,not available.txt
Daiya Re Daiya Laj Mohe Lage,Leader,Kanada Darbari,not available.txt
Hum Tujh Se Mohabbat Kar Ke,Awaara,Kanada Darbari,not available.txt
Hum Tum Se Juda Ho Ke,Ek Sapera Ek Lutera,Kanada Darbari,not available.txt
O Duniyake Rakhavale,Baiju Bawra,Kanada Darbari,not available.txt
Sanvare Mat Jaa,,Kanada Darbari,not available.txt
Mujhe Tumse Kuch Bhi Na Chahiye,Kanhaiya,Kanada Darbari,not available.txt
Jhanak Jhanak Tori Baje Payaliya,Mere Huzoor,Kanada Darbari,not available.txt
Ghoonghat Ke Pat Khol Re,Jogan,Kanada Darbari,not available.txt
Hangama Hai Kyon Barpa,Ghazal,Kanada Darbari,not available.txt
Ab To Madhava Mohe Ubar,,Kanada Kaunsi,not available.txt
Mai Jajyo Na Prabhu Ko Milna Kab,,Kanada Kaunsi,not available.txt
Sau Baar Janam Lenge,Ustaadon Ke Ustaad,Kanada Kaunsi,not available.txt
Chala Diye Deke Gham,,Kanada Nayaki,not available.txt
Hamko Manki Shakti Dena,Guddi,Kedar,not available.txt
Aap Yun Hi Agar Hum Se Milte Rahe,Ek Musafir Ek Hasina,Kedar,not available.txt
Uthaye Ja Unke Sitam,Andaaz,Kedar,not available.txt
Kanha Ja Ja,,Kedar,not available.txt
Bole To Basuri Kahi,Saawan Ko Aane Do,Kedar,not available.txt
Bekaspe Karam Kijie,,Kedar,not available.txt
Pal Do Pal Ka Saath Hamara,The Burning Train,Kedar,not available.txt
Mil Ja Mil Ja Janena,,Kedar,not available.txt
Jao Re Jogi Tum Jao Re,Amrapali,Kedar,not available.txt
Panchhi Bawra Chand Se Prit Lagaye,,Kedar,not available.txt
Darashan Do Ghanashyam,,Kedar,not available.txt
Aapki Ankhon Mein Kucch,Ghar,Kedar,not available.txt
Wo Na Aenge Palatkar,Devdaas,Khamaj,not available.txt
Shyam teri bansi,Geet Gata Chal,,Shyam teri bansi.txt
Bada Natkhat Hai?Ka Kare Yashoda Maiya,Amar Prem,Khamaj,not available.txt
Aan Milo Sajna,Gadar,Khamaj,not available.txt
O Sajna Barkha Bahar Ayi,Parakh,Khamaj,not available.txt
Mere To Giridhar Gopala,Meera,Khamaj,not available.txt
Ang Ang Dole Mera,,Khamaj,not available.txt
Nazar Lagi Raja Tore Bungle Par,Kaala Pani,Khamaj,not available.txt
A Dil Se Dil Mila Le,Navrang,Khamaj,not available.txt
Khat Likha De Savariyake Hum Babu,,Khamaj,not available.txt
Dhal Chuki Sham E Gham,Kohinoor,Khamaj,not available.txt
Tere Bina Sajna Lage Na Jiya Hamar,Aarti,Khamaj,not available.txt
Ab Kya Misaal Dun,,Khamaj,not available.txt
Ayo Kahan Se Ghanashyam,Buddha Mil Gaya,Khamaj,not available.txt
Kuch To Log Kahenge,Amar Prem,Khamaj,not available.txt
Chunariya Katati Jae,,Khamaj,not available.txt
Bata Do Sakhi Kaun Gali Gayo Shyam,,Khamaj,not available.txt
Sham Dhale Jamuna Kinare,Pushpanjali,Khamaj,not available.txt
Vaishnav Jan To,Narsinh Bhajan,Khamaj,not available.txt
Jane Kaise Sapano Me Kho Gai,Anuradha,Khamaj Manjh,not available.txt
Kaise Din Bite Kaise Biti Ratiyan,Anuradha,Khamaj Manjh,not available.txt
Kanha Kanha Aan Padi Re Tere Dwar,Shagird,Khamaj Manjh,not available.txt
Aane Wala Pal Jaane Wala Hai,Golmaal,Kirwani,not available.txt
Pukarta Chala Hun Main,Mere Sanam,Kirwani,not available.txt
Ek Radha Ek Meera,Ram Teri Ganga Maili,Kirwani,not available.txt
Tumhi Mere Meet Ho,,Kirwani,not available.txt
Aayi Jhum Jhum Raat Ye Suhani,Love Marriage,Kirwani,not available.txt
Be-Sabab Baat Badhaneki Zaroorat Kya Hai,Ghazal,Kirwani,not available.txt
Ye Ratein ye Mausam Nadi Ka Kinara,Delhi Ka Thug,Kirwani,not available.txt
Shola Tha Jal Bujha Hun,Ghazal,Kirwani,not available.txt
Geet Gaata Hun Main,Laal Patthar,Kirwani,not available.txt
Para Para Hua Pairahan-E-Jaan,Ghazal,Kirwani,not available.txt
Yad Na Jaye Bite Dinon Ki,Dil Ek Mandir,Kirwani,not available.txt
Ankhonse Hai Utari Ye Dil Mein,Phir Wohi Dil Laaya Hoon,Kirwani,not available.txt
Nind Na Mujh Ko Aye,Post Box No. 999,Kirwani,not available.txt
Beqaraar Dil Tu Gayeja,Door Ka Raahi,Kirwani,not available.txt
Mera Dil Ye Pukare Aa Ja,Nagin,Kirwani,not available.txt
Main Pyar Ka Rahi Hun,Ek Musafir Ek Hasina,Kirwani,not available.txt
E Hush-E-Beparwah Tujhe Shabnam Kahoon,Ghazal,Kirwani,not available.txt
Meri Bhigi Bhigi Si Palakon Pe,Anamika,Kirwani,not available.txt
Tu Hai Mera Prem Devta,Kalpana,Lalit / Lalat,not available.txt
Tu Nahin To Mere Liye,Tum Yaad Aaye,Lalit / Lalat,not available.txt
Ek Shahenshahne Banwake Hansi Taj Mahal,Leader,Lalit / Lalat,not available.txt
Raina Beeti Jaye,Amar Prem,Lalit / Lalat,not available.txt
Pritam Daras Dikhao,Chacha Zindabad,Lalit / Lalat,not available.txt
Koi Paas Aya Savere Savere,Ghazal,Lalit / Lalat,not available.txt
Piya Piya Bole Mora Kangana,Swarg Nark,Maand,not available.txt
Dheemo Re Chale Re Vaayariyo,Piya Basanti (Non filmi Album),Maand,not available.txt
Kesariya Balma,Lekin,Maand,not available.txt
Bachpan Ki Mohabbat Ko,Baiju Bawra,Maand,not available.txt
Ab To Hai Tumse Har Khushi Apni,Abhimaan,Maand,not available.txt
Jo Me Jaanthi Bisarat,Shabaab,Maand,not available.txt
Tu Chanda Main Chandani,Reshma Aur Shera,Maand,not available.txt
Ko Birahini Ko Dukh Jane,Chala Vahi Desh (Non Filmi Album),Madhuvanti,not available.txt
Rasme Ulfat Ko Nibhae To Nibhae Kaise,Dil Ki Rahen,Madhuvanti,not available.txt
Unko Yeh Shikayat Hai,Adalat,Malagunji,not available.txt
Nainaso Nain Nahi Milo,Jhanak Jhanak Payal Baje,Malagunji,not available.txt
Na Jiya Lage Na,Anand,Malagunji,not available.txt
Ghar Aja Ghir Aye Badra,Chhote Nawab,Malagunji,not available.txt
Jhir Jhir Barase Sawani Ratiyan,Aashirwad,Malhar Gaud,not available.txt
Garajat Barsat Sawan Ayo Re,Barsaat Ki Raat,Malhar Gaud,not available.txt
Sharabi Sharabi Ye Sawan Ka Mausam,,Malhar Gaud,not available.txt
Ghanana Ghanana Ghana Baraso,,Malhar Megh,not available.txt
Tan Rangalo Ji Aaj Man Ranga Lo Baraso Re,Tansen,Malhar Megh,not available.txt
Dukhabhare Din Bite Re Bhaiya,Mother India,Malhar Megh,not available.txt
Ghata Ghana Ghora Ghora,Tansen,Malhar Megh,not available.txt
Kare Kare Badra,,Malhar Megh,not available.txt
Ek Bas Tu Hi Nain,Ghazal,Malhar Miyan,not available.txt
Nach Mere Mora Jara Nach,,Malhar Miyan,not available.txt
Mammadshaha Rangile,,Malhar Miyan,not available.txt
Baadal Umad Bhar Aaye,Saaz,Malhar Miyan,not available.txt
Piya Tora Kaisa Abhimaan,Raincoat,Malhar Miyan,not available.txt
Bhaye Bhanjana? Darasa Tere Mange Main Tera Pujari,Basant Bahar,Malhar Miyan,not available.txt
Bole Re Papihara,Guddi,Malhar Miyan,not available.txt
Karo Sab Nichhavar,,Malhar Miyan,not available.txt
Nacha Re Mayura,,Malhar Miyan,not available.txt
Dar Lage Garaje Badariya,Ram Rajya,Malhar/ Sur / Soordasi Malhar,not available.txt
Aaye Sur Ke Panchhi Aaye,Sur Sangam,Malkauns,not available.txt
Ankhiyana Sang Ankhiya Lagi Aaj,Bada Aadmi,Malkauns,not available.txt
Adha Hai Chandrama Raat Adhi,Navrang,Malkauns,not available.txt
Sawanki Raat Kari Kari,,Malkauns,not available.txt
O Pavan Vegse Udanewale Ghode,Jai Chaittaur,Malkauns,not available.txt
Saghan Ban Phulyo Re,Bhajan,Malkauns,not available.txt
Balma Manena,,Malkauns,not available.txt
Tu Chhupi Hai Kahan,Navrang,Malkauns,not available.txt
Mujhe Na Bhula,Suvarna Sundari,Malkauns,not available.txt
Zindagi Bhara Gham Judai Ka Mujhe,,Malkauns,not available.txt
Deep Jalaye Jo Geeton Ke Maine,Kalakaar,Malkauns,not available.txt
Man Tarpat Hari Darshan Ko,Baiju Bawra,Malkauns,man tarapat hari darshan.txt
Paga Ghungharu Bole Chananana Chan,,Malkauns,not available.txt
Ye Kahani Hai Diye Ki Aur Toofan Ki,Toofan Aur Diya,Malkauns,not available.txt
Ai Man Tere Bachche Kai Karoda,,Malkauns,not available.txt
Payaliya Bawari,Saaz Aur Awaaz,Marwa / Marava,not available.txt
Sathi Re Bhool Na Jaana Mera Pyaar,Kotwal Saheb,Marwa / Marava,not available.txt
Konpalen Phir Fut Ayi,Ghazal,Megh,not available.txt
Kahan Se Aye Badra,Chashme Buddoor,Megh,not available.txt
Mehfil Mein Baar Baar,Ghazal,Megh,not available.txt
Daya Karo E Giridhar Gopal,,Multani,not available.txt
Tu Jahan Jahan Chalega,Mera Saaya,Nand / Anandi / Anandi Kalyan,not available.txt
Mushkil Hai Bahut Mushkil,Mahal,Pahadi,not available.txt
Sunri Sakhi Mohe Sajna Bulaye,Nagin,Pahadi,not available.txt
Awaz Mein Na Doonga,Dosti,Pahadi,not available.txt
Gaya Andhera Hua Ujaala,Subah Ka Tara,Pahadi,not available.txt
Usko Nahin Dekha Humne Kabhi,Daadi Maa,Pahadi,not available.txt
Tasvir Banata Hun Teri Khuna Jigar Se,,Pahadi,not available.txt
Jane Na Balma Preet Ki Kasam,,Pahadi,not available.txt
Tum Apna Ranj O Gham,,Pahadi,not available.txt
Karvate Badlate Rahe Sari Raat Hum,Aap Ki kasam,Pahadi,not available.txt
Aaja Raja Leke Barat Aaja,,Pahadi,not available.txt
Isharon Isharon Mein Dil Lenewale,Kashmir Ki Kali,Pahadi,not available.txt
Din Hai Baharke Tere Mere,Waqt,Pahadi,not available.txt
Mori Atariyape Kangan Bole,,Pahadi,not available.txt
Dekha Ek Khwab To Ye,Silsila,Pahadi,not available.txt
Mere Ankhon Mein Bas Gaya Koi Re,Barsaat,Pahadi,not available.txt
Lag Ja Gale Ke Phir Ye Hansi Raat,Woh Kaun Thi,Pahadi,not available.txt
Tum Mere Mai Teri,,Pahadi,not available.txt
Raat Ka Saman Jhume Chandrama,,Pahadi,not available.txt
Dil Todne Wale,,Pahadi,not available.txt
Do Dil Toote Do Dil Hare,Heer Ranjha,Pahadi,not available.txt
Nain Ka Chain Churakar Le Gayi,Chandramukhi,Pahadi,not available.txt
Dil Mein Ek Lahar Si Uthi Hai Abhi,Ghazal,Pahadi,not available.txt
Ye Vaadiyan Phijae Bula Rahi,Aaj Aur Kal,Pahadi,not available.txt
Baharon Mera Jivan Savaron,,Pahadi,not available.txt
Maine Dekha Hai Phoolon Se Ladi Shakhon Mein,,Pahadi,not available.txt
Preet Ye Kaisi Bol Duniya,Daag,Pahadi,not available.txt
Tasvir Banata Hun Tasvir Nahin Banti,Baradari,Pahadi,not available.txt
Tukade Hai Mere Dil Ke,,Pahadi,not available.txt
Tum Ho Jo Mere Humsafar,,Pahadi,not available.txt
Rulake Gaya Sapna Mera,Jewel Theif,Pahadi,not available.txt
Jo Wada Kiya Woh,Taj Mahal,Pahadi,not available.txt
Aaja Re Aaja Re O Mere Dilbar Aaja,Noori,Pahadi,not available.txt
Do Dil Dhadak Rahein Hain,,Pahadi,not available.txt
Kaise Jiyunga Main Agar Tu Na Mili,Sahibaan,Pahadi,not available.txt
Jara Sun Hasina Ye Sajni,,Pahadi,not available.txt
Meri Ankhon Me Basagaya Koi Re Mohe Nind Aye,Barsaat,Pahadi,not available.txt
Yara Dil Dara Mera Dil Kehta,Aadmi Aur Insaan,Pahadi,not available.txt
Sajan Ki Galiyan Chod Chale,Bazaar,Pahadi,not available.txt
Jawan Hai Mohabbat,Anmol Ghadi,Pahadi,not available.txt
Janewalo Jara Mudke Dekho Mujhe,Dosti,Pahadi,not available.txt
Shyam Dhale Khidki Tale,Albela,Pahadi,not available.txt
Sawanka Mahina Pavan Kare Sor,Milan,Pahadi,Sawan ka mahina.txt
Do Sitaron Ka Jamin Par Hai Milan,Kohinoor,Pahadi,not available.txt
Tora Man Bada Paapi Sanvariya Re,Ganga Jamuna,Pahadi,not available.txt
Parbaton Ke Pedon Par Shyam Ka Basera,,Pahadi,not available.txt
Chori Chori Koi Ae,Noon,Pahadi,not available.txt
Sab Kuchh Lutake Hosh Mein Ae Ro,,Pahadi,not available.txt
Neela Aasman So Gayaa,Silsila,Pahadi,not available.txt
Kaun Aya Hai Nigahon Mein Chamak Jag Uthi,Waqt,Pahadi,not available.txt
Hai Balma Teri Kasam,,Pahadi,not available.txt
Suhani Raat Dhal Chuki,Dulari,Pahadi,not available.txt
Baharon Ki Manjhil Rahe,,Pahadi,not available.txt
Sare Jahanse Achcha,Apna Ghar,Pahadi,sare jahaan se achcha.html
Wahan Kaun Hai Tera Musafir,Guide,Pahadi,not available.txt
Apna Bhi Koi Saathi Hota,,Pahadi,not available.txt
Chalo Dildar Chalo,Pakeezah,Pahadi,not available.txt
Sakhi Ri Mera Man Umade Tana Dole,Nagin,Pahadi,not available.txt
Kahe Sataye Kahe Ko Rulaye,Qayamat Se Qayamat Tak,Pahadi,not available.txt
Tujh Ko Pukare Mera Pyar,Neel Kamal,Pahadi,not available.txt
Payo Ji Maine Ram Ratan Dhan Payo,,Pahadi,not available.txt
Age Bhi Jaane Na Tu,Waqt,Pahadi,not available.txt
Mora Nadan Balma,,Pahadi,not available.txt
Sun More Sajna,,Pahadi,not available.txt
Salamat Raho,,Pahadi,not available.txt
Humne To Dil Ko Aapke Kadmon Pe,,Pahadi,not available.txt
Vrindavanka Krishna Kanhaiya,Miss Mary,Pahadi,not available.txt
Phoolon Ke Rang Se,Prem Pujari,Pahadi,not available.txt
Jane Kya Dhoondti Rahati Hai,,Pahadi,not available.txt
Kabhi Kabhi Mere Dil Mein,Kabhi Kabhi,Pahadi,not available.txt
Woh Dil Kahanse Laun,,Pahadi,not available.txt
Tod Diya Dil Mera Tune Ai Bewafa,Dulari,Pahadi,not available.txt
Aja Re Tujh Ko Mera Pyar Pukare,Waqt,Pahadi,not available.txt
Mohe Jana Hai Pike Nagariya,,Pahadi,not available.txt
Tere Nainon Ne Chori Kiya,Anmol Ghadi,Pahadi,not available.txt
Gudiya Humse Roothi Rahogi,Dosti,Pahadi,not available.txt
Are Ja Re Hato Natakhat,Navrang,Pahadi,not available.txt
Aaj Ki Raat Mere Dil Ki Salami,Raam Aur Shyam,Pahadi,not available.txt
Koi Pyar Ki Dekhe Jadugari,Kohinoor,Pahadi,not available.txt
Baharon Mera Jeevan Bhi Sanvaro,Aakhri Khat,Pahadi,not available.txt
Sawan Ke Jhoole Pade,Jurmana,Pahadi,not available.txt
Sainya Bina Ghar Suna,Lahu Ke Do Rang,Pahadi,not available.txt
Chaudavi Ka Chand Ho,Chaudhavi Ka Chand,Pahadi,not available.txt
Aapko Dekhke Baadalko Pasina Aa Gaya,Hum Aapke Dil Mein Rehte Hai,Pahadi,not available.txt
Hum Ab Simat Ke Aapki Bahon Mein,Waqt,Pahadi,not available.txt
Aaj Ki Raat Piya Dil Na Todo,,Pahadi,not available.txt
O Door Ke Musafir Hum Ko Bhi Saath Le Le,Udan Khatola,Pahadi,not available.txt
Rahe Na Rahe Hum,Mamta,Pahadi,not available.txt
Chal Ud Ja Re Panchi,Bhabhi,Pahadi,not available.txt
Dil Pukare Aa Re Aa Re,Jewel Theif,Pahadi,not available.txt
Tere Bharose He Nandalala,,Pahadi,not available.txt
Ye Dil Aur Unki,Prem Parbat,Pahadi,not available.txt
Hum Aaj Dil Jalae,,Pahadi,not available.txt
Husn Pahadon Ka,Ram Teri Ganga Maili,Pahadi,not available.txt
Mujhe Tumse Mohabbat Hai Magar,,Pahadi,not available.txt
Sab Kuch Lootake Hosh Mein Aaye To Kya Kiya,Ek Saal,Pahadi,not available.txt
Neele Parbaton Ki Dhara,Aadmi Aur Insaan,Pahadi,not available.txt
Hamari Yaad Aayegi Kabhi Tanhaiyon Mein,Hamari Yaad Aaegi,Palasi,not available.txt
Gori Tera Gaanv Bada Pyara,Chit Chor,Palasi,not available.txt
Saaz Ho Tum Awaz Hun Main,Saaz Aur Awaaz,Patdeep,not available.txt
Megha Chhaye Aadhi Raat,Sharmilee,Patdeep,not available.txt
Hai Hai Rasiya Tu Dada Dedardi,,Pilu,not available.txt
Allah Megh De Paani De,Guide,Pilu,not available.txt
Maine Shayad Tumhe Pehle,Barsaat Ki Raat,Pilu,not available.txt
Dhadakte Dil Ki Tamanna,Shama,Pilu,not available.txt
Apni Kaho Kuch Meri Suno,Parchhain,Pilu,not available.txt
Apni Kaho Kuchh Meri Suno...Kya Dil Ka Lagana Bhool Gaye,,Pilu,not available.txt
Na Jhatko Julphse Paani,,Pilu,not available.txt
Main Sooya Akhiyan Meeche,,Pilu,not available.txt
Baharon Ne Mera Chaman Lootkar,Devar,Pilu,not available.txt
De De Pyar De,Sharabi,Pilu,not available.txt
Chaahat Des Se Aane Waale Yeh To Bataa Ke Sanam Kaise Hain,Ghazal,Pilu,not available.txt
Abke Baras Beete,,Pilu,not available.txt
Ajahun Na Aaye Balma,Sanjh Aur Savera,Pilu,not available.txt
Jaiye Aap Kahan Jayenge,Mere Sanam,Pilu,not available.txt
Pi Ke Ghar Aaj Pyari Dulhaniya Chali Babul,Mother India,Pilu,not available.txt
Na Jai Saiyan Chudake Baiyan,Sahib Biwi Aur Ghulam,Pilu,not available.txt
Mainu Ishq Lag Gaya Rog,Dil Hai Ke Maanta Nahin,Pilu,not available.txt
Chandan Ka Palna Resham Ki Dori,Shabaab,Pilu,not available.txt
Saiyya Tore Dware Khade,,Pilu,not available.txt
Kali Ghata Chhaye Mora Jiya Ghabarae,Sujata,Pilu,not available.txt
Nadiya Kinare Harayee Aayee Kangna,Abhimaan,Pilu,not available.txt
Sur Na Saje,Basant Bahar,Pilu,not available.txt
Murali Bairan Bhayi Re Kanhaiya Tori,New Delhi,Pilu,not available.txt
Naina Divani Kuchh Nahin Mane,,Pilu,not available.txt
Ae Meri Joharjabi,Waqt,Pilu,not available.txt
Kabhi Aar Kabhi Paar,Aar Paar,Pilu,not available.txt
Kaun Gali Gaye Shyam,Pakeezah,Pilu,not available.txt
Sach Kehti Hai Duniya,Ishq Pe Jor Nahin,Pilu,not available.txt
Na Manu Na Manu?Dagabjaaz Tori Batiya Na Manu Re,Ganga Jamuna,Pilu,not available.txt
Jhule Mein Pavan Ki Aayi Bahar,Baiju Bawra,Pilu,not available.txt
Dhoondo Dhoondo Re Saajna,Ganga Jamuna,Pilu,not available.txt
Vikal Mora Manwa,Mamta,Pilu,not available.txt
Din Sara Gujara Tore Angana,Junglee,Pilu,not available.txt
Surmayi Akhiyon Me Ek Nanha Munha,Sadma,Pilu,not available.txt
Dheere Se Aaja Ri Akhiyan Mein Nindiya,Albela,Pilu,not available.txt
Wafa Jinse Ki Bewafa Go Gaye,,Pilu,not available.txt
Piya Piya Na Lage Mora Jiya,,Pilu,not available.txt
Ab Ke Baras Bhejo Bhaiyya Ko Babul,Bandini,Pilu,not available.txt
Churaliya Hai Tumne Jo Dil Ki,Yaadon Ki Barat,Pilu,not available.txt
Ajahun Aaye Balama,Sawan Beeta Jaye,Pilu,not available.txt
Badi Der Bhai Kab Loge Khabar,,Pilu,not available.txt
Banwari Re Jeene Ka Sahara,Ek Phool Char Kaante,Pilu,not available.txt
Tere Bin Soone Nayan Hamare,Meri Soorat Teri Aankhein,Pilu,not available.txt
Tu Jo Mere Sur Mein,Chit Chor,Pilu,not available.txt
Maine Rang Li Aaj Chunariya Sajana Tore Rang Mein,Dulhan Ek Raat Ki,Pilu,not available.txt
More Saiya Ji Utarenge Paar Nadiya Dhire Baho,Udan Khatola,Pilu,not available.txt
Tumne Kya Kya Kiya Hai Hamare Liye,Prem Geet,Puriya Dhanashree,not available.txt
Rut Aagayi Re,1947 Earth,Puriya Dhanashree,not available.txt
Koyaliya Ud Jaa Yahan Nahi Koy,,Puriya Dhanashree,not available.txt
Rang Aur Noor Ki Baraat Kise Pesh Karun,,Puriya Dhanashree,not available.txt
Hai Rama Yeh Kya Hua,Rangeela,Puriya Dhanashree,not available.txt
Ruk Jao Banwasi Ram,Sampoorna Ramayan,Puriya Dhanashree,not available.txt
Meri Sanson Ko Jo Mehaka Rahi Hai,Badalte Rishtey,Puriya Dhanashree,not available.txt
Kitne Dino Ke Baad Ye Aai Sajana Raat Milan Ki,,Puriya Dhanashree,not available.txt
Labon Se Choomlo Aankhon Se Thaamlo Mujh Ko,Aastha,Puriya Dhanashree,not available.txt
Tori Jay Jay Karatar,,Puriya Dhanashree,not available.txt
Mere Sang Gaa Gunguna,Jaanwar,Rageshree,not available.txt
Mohabbat Aisi Dhadkan Hai,Anarkali,Rageshree,not available.txt
Kaun Aya Mere Manke Dwaare,Dekh Kabira Roya,Rageshree,not available.txt
Shubha Dina Ayo Raaj Dulara,,Rageshree,not available.txt
Mitwa Bole Meethe Bain,Parichay,Rageshree,not available.txt
Mujhe Kuch Kehna Hai,Mujhe Kuch Kehna Hai,Shivaranjani,not available.txt
Awaz Dekar Humein Tum Bulao,Professor,Shivaranjani,Awaz deke hame tum bulao.txt
Banake Kyon Bigada Re,Zanjeer,Shivaranjani,not available.txt
Lage Na Mora Jiya Sajnaa Nahin Aye Haye,,Shivaranjani,not available.txt
Sansaar Hai Ek Nadiya,Raftaar,Shivaranjani,not available.txt
Kai Sadiyonse Kai Janmose,,Shivaranjani,not available.txt
Chuma Chuma...Mujhko Banale Priyatama,Pataal Bhairavi,Shivaranjani,not available.txt
Rimjhim Ke Geet Sawan Gaaye,Anjaana,Shivaranjani,not available.txt
Tere Mere Beech Me,Ek Duje Ke Liye,Shivaranjani,Tere Mere Beech Mein.txt
Tumse Milkar Na Jaane Kyon,Pyar Jhukta Nahin,Shivaranjani,not available.txt
Baharo Phool Barsao Mera Mehboob,Sooraj,Shivaranjani,baharo phool barsao.html
Na Kisi Ki Ankha Noor Hun,,Shivaranjani,not available.txt
Kahi Deep Jale Kahi Dil,Bees Saal Baad,Shivaranjani,not available.txt
Laaj Rakho Giridhari,,Shivaranjani,not available.txt
Dil Ke Jharoke Me Tujhko Bithakar,Bramhachari,Shivaranjani,not available.txt
Yaad Teri Aayegi,Ek Jaan Hai Hum,Shivaranjani,not available.txt
chingaare koyee bhadake,Amar Prem,bhairavi,chingaare koyee bhadake.txt
Hamari Sanson Mein Aaj,ghazal,,Hamari Sanson Mein Aaj.txt
Mere Naina Sawan Bhaado,Mehbooba,Shivaranjani,Mere Naina Sawan Bhaado.html
Saajan Aa Jao,,Shivaranjani,not available.txt
Bheega Bheega Mausam Aaya,Bhayanak,Shivaranjani,not available.txt
Jane Kahan Gaye Woh Din,Mera Naam Joker,Shivaranjani,Jane Kahan Gaye Wo Din.txt
O Mere Sanam,Sangam,Shivaranjani,O MERE SANAM O MERE SANAM.txt
Tumhe Dekhti Hun To Lagta Hai Aise,Tumhare Liye,Shivaranjani,not available.txt
Khabar Me Na Lini Re Bahut Din Beet,Sant Gyaneshwar,Shivaranjani,not available.txt
Jo Bhi Dukh Yaad Na Tha,Ghazal,Shivaranjani,not available.txt
Majhi Re Na Jaiyo Pardes,Karma,Shivaranjani,not available.txt
Allah tero naam,Hum Dono,Sarang Gaud,not available.txt
Sawan Aye Ya Na Aye,Dil Diya Dard Liya,Sarang Shuddha,not available.txt
Dair-O-harammen Basne Waalon,Ghazal,Sarang Shuddha,not available.txt
Saawan Rut Aaye Dekho Balam,Piya Basanti (Non filmi Album),Sarang Shuddha,not available.txt
Aa Lautke Aja Mere Meet,Rani Roopmati,Sarang Shuddha,not available.txt
O Saware Aaja Pyar Liye,,Sarang Shuddha,not available.txt
Aaja Bhanwar Sunee Dagar,Raani Roopmati,Sarang Vrindavani,not available.txt
Jhooti Moothi Mitwa Awan Bole,Rudali,Sarang Vrindavani,not available.txt
Ruma Jhuma Ruma Jhuma Chala Tihari,Tansen,Shankara,not available.txt
Bolo Bolo Kahan Bolo Chhaliya,Chhaliya,Shankara,not available.txt
Prem Jogan Ban Jaa,,Sohani / Sohini,not available.txt
Jhumati Chali Hawa,Sangeet Samrat Tansen,Sohani / Sohini,not available.txt
Kanha Re Kanha,,Sohani / Sohini,not available.txt
Jeevan Jyot Jale,,Sohani / Sohini,not available.txt
Kuhu Kuhu Bole Koyaliya,Swarna Sundari,Sohani / Sohini,not available.txt
Jalta Rahata Din Raina,,Tilak Kamod,not available.txt
Tumhare Bin Ji Na Lage Ghar Mein,Bhumika,Tilak Kamod,not available.txt
Chhup Gaye Tere Najare,Do Raaste,Tilang,not available.txt
Sajna Sang Kahe Neha Lagae,Main Nashe Me Hun,Tilang,not available.txt
Meri Kahani Boolnewale,Deedar,Tilang,not available.txt
Lagan Tose Lagi Balma,Dekh Kabira Roya,Tilang,not available.txt
Itna To Yaad Hai Mujhe,Mehboob Ki Mehendi,Tilang,not available.txt
Mujhe Ae Jindagi Deewana Kar De,,Tilang,not available.txt
Chota Saa Baalama Ankhiyan Neend Udaye Le Gayo,Raagini,Tilang,not available.txt
Yahi Armaan Lekar Aaj Apne,Shabaab,Tilang,not available.txt
O Zindagi Ke Dene Wale,Nagin,Todi Bhupal / Bhoopal Todi,not available.txt
Diya Na Bujhega Aaj Hamara,,Todi Bilaskhani,not available.txt
Jhoothe Naina Bole,Lekin,Todi Bilaskhani,not available.txt
Ek Tha Bachpan,Aashirwad,Todi Gujari,not available.txt
Ja Ja Re Ja,Lekin,Todi Gujari,not available.txt
Sanvaro Nand-Nandana,Chala Vahi Desh (Non Filmi Album),Todi Gujari,not available.txt
Khuda E Baratara Teri Jameen Par,Taj Mahal,Todi Miyan Ki,not available.txt
Jhoothey Naina Bole,Lekin,Todi Miyan Ki,not available.txt
Duniya Na Bhaye Mohe Ab Tu Bulale,Basant Bahar,Todi Miyan Ki,not available.txt
Mai To Ek Khwab Hun,Himalay Ki God Mein,Todi Miyan Ki,not available.txt
Insan Bano,Baiju Bawra,Todi Miyan Ki,not available.txt
Tori Jai Jai Kartar,Baiju Bawra,Todi Miyan Ki,not available.txt
Jaago Re Jaago Prabhaat Aaya,,Todi Miyan Ki,not available.txt
Main To Ek Khwab Hun,Himalay Ki God Mein,Todi Miyan Ki,not available.txt
Bhini Bhini Bhor Aayi,Dil Padosi Hai,Todi Miyan Ki,not available.txt
Jag Mein Sunder Hai Do Naam,Bhajan,Todi Miyan Ki,not available.txt
Insan Bano,Baiju Bawra,Todi Miyan Ki,not available.txt
Dil Jo Na Keh Saka,Bhigi Raat,Yaman,not available.txt
Breathless,Breathless (Non Filmi Album),Yaman,not available.txt
Ye Chaman Hamra Apna Hai,,Yaman,not available.txt
Woh Haske Mile Hum Se,Baharein Phir Bhi Aayengi,Yaman,not available.txt
Chhodo Chhodo Chhodo Mori Bhaiya,,Yaman,not available.txt
Re Man Surmein Ga,,Yaman,not available.txt
Sochte Aur Jaagte Sanson Ka Ek Dariyaa Hoon Main,Ghazal,Yaman,not available.txt
Janewale Se Mulakat Na Hone Payi,Amar,Yaman,not available.txt
Inhi Logone Le Leena Dupatta Mera,Pakeezah,Yaman,not available.txt
Apke Anurodhpe Main Ye Geet,Anurodh,Yaman,not available.txt
Shola Hoon Bhadakne Ki Gujarish Nahin Karta,Ghazal,Yaman,not available.txt
Main Kya Janu Kya Jadu Hai,,Yaman,not available.txt
Jiya Le Gayo Ji Mora Savariya,Anpadh,Yaman,not available.txt
Who Shyam Kuch Ajeeb Thi,Khamoshi,Yaman,not available.txt
Bada Dukh Dina Tere Lakhan Ne,Ram Lakhan,Yaman,not available.txt
Bhuli Hui Yaadon,Sanjog,Yaman,not available.txt
Jai Jai He Jagadambe Mata,,Yaman,not available.txt
Ranjish Hi Sahi Dil Hi Dukhane Ke Liye Aa,Ghazal,Yaman,not available.txt
Meri Duniya Mein Tum Aaye,Heer Ranjha,Yaman,not available.txt
Aansoon Bhari Hai,Parvarish,Yaman,not available.txt
Kenu Sang Khelun Hori,Chala Vahi Desh (Non Filmi Album),Yaman,not available.txt
Suni Jo Unke Aane Ki Aahat,Satyam Shivam Sundaram,Yaman,not available.txt
Seene Mein Sulagte Hai Arman,Sangdil,Yaman,not available.txt
Ja Re Badra Bairi Ja,Bahana,Yaman,not available.txt
Chandan Sa Badan,Saraswati Chandra,Yaman,not available.txt
Yaad Rahega Pyar Ka Yeh Rangin Zamanaa,Umar Qaid,Yaman,not available.txt
Do Naina Matwale Tihare,Chhoti Behen,Yaman,not available.txt
Mausam Hai Ashikana,Pakeezah,Yaman,not available.txt
Jivan Dor Tumhi Sang Bandhi,Satyavaan Savitri,Yaman,not available.txt
